image,category
2788353.jpg,0
2782131.jpg,0
2884349.jpg,0
2900596.jpg,0
2841543.jpg,0
2856056.jpg,0
2892525.jpg,0
2855934.jpg,0
2831394.jpg,0
2782133.jpg,0
2896491.jpg,0
2788330.jpg,0
2786150.jpg,0
2833466.jpg,0
2798385.jpg,0
2870010.jpg,0
2882347.jpg,0
2847682.jpg,0
2827289.jpg,0
2851821.jpg,0
2837597.jpg,0
2829278.jpg,0
2896568.jpg,0
2812922.jpg,0
2872087.jpg,0
2898499.jpg,0
2839640.jpg,0
2860112.jpg,0
2886354.jpg,0
2872131.jpg,0
2821087.jpg,0
2814884.jpg,0
2804757.jpg,0
2825210.jpg,0
2858101.jpg,0
2849850.jpg,0
2784292.jpg,0
2788259.jpg,0
2778090.jpg,0
2864141.jpg,0
2821035.jpg,0
2892431.jpg,0
2843782.jpg,0
2841718.jpg,0
2821005.jpg,0
2892401.jpg,0
2890408.jpg,0
2823206.jpg,0
2866149.jpg,0
2890393.jpg,0
2876184.jpg,0
2851957.jpg,0
2827194.jpg,0
2829421.jpg,0
2845675.jpg,0
2786135.jpg,0
2845781.jpg,0
2821121.jpg,0
2778131.jpg,0
2806761.jpg,0
2778114.jpg,0
2870035.jpg,0
2870032.jpg,0
2829269.jpg,0
2800502.jpg,0
2870116.jpg,0
2800518.jpg,0
2802521.jpg,0
2827319.jpg,0
2886353.jpg,0
2864031.jpg,0
2831428.jpg,0
2796358.jpg,0
2827183.jpg,0
2810808.jpg,0
2886403.jpg,0
2833400.jpg,0
2849814.jpg,0
2794426.jpg,0
2880303.jpg,0
2882217.jpg,0
2888456.jpg,0
2814833.jpg,0
2798497.jpg,0
2892399.jpg,0
2890522.jpg,0
2819063.jpg,0
2876146.jpg,0
2898645.jpg,0
2806602.jpg,0
2880266.jpg,0
2847752.jpg,0
2796473.jpg,0
2851870.jpg,0
2904646.jpg,0
2812779.jpg,0
2790324.jpg,0
2812861.jpg,0
2876208.jpg,0
2862143.jpg,0
2864833.jpg,1
2511206.jpg,1
2742201.jpg,1
2903498.jpg,1
2785048.jpg,1
2749032.jpg,1
2702525.jpg,1
2779983.jpg,1
964374.jpg,1
2666436.jpg,1
2215354.jpg,1
834997.jpg,1
2891670.jpg,1
2805770.jpg,1
2846851.jpg,1
2867385.jpg,1
2839446.jpg,1
2830310.jpg,1
2777650.jpg,1
2903476.jpg,1
2704860.jpg,1
2825956.jpg,1
674833.jpg,1
2758055.jpg,1
2906671.jpg,1
2784042.jpg,1
2853323.jpg,1
2740631.jpg,1
2595965.jpg,1
2804516.jpg,1
2551846.jpg,1
1334851.jpg,1
2818799.jpg,1
2878412.jpg,1
2592181.jpg,1
2781582.jpg,1
2807309.jpg,1
2585932.jpg,1
2825165.jpg,1
1005343.jpg,1
2100454.jpg,1
2566476.jpg,1
2766595.jpg,1
2810427.jpg,1
2771875.jpg,1
2335454.jpg,1
1393335.jpg,1
1008439.jpg,1
683110.jpg,1
2903678.jpg,1
643083.jpg,1
2199917.jpg,1
2903700.jpg,1
2366014.jpg,1
2837797.jpg,1
2817146.jpg,1
2840989.jpg,1
2708868.jpg,1
2711117.jpg,1
2843626.jpg,1
2852892.jpg,1
1445821.jpg,1
2902278.jpg,1
2175707.jpg,1
2874217.jpg,1
2853335.jpg,1
2697216.jpg,1
2719699.jpg,1
2013004.jpg,1
2847708.jpg,1
2737488.jpg,1
2706340.jpg,1
2812740.jpg,1
1537918.jpg,1
2840591.jpg,1
1736130.jpg,1
2903480.jpg,1
2855021.jpg,1
2711263.jpg,1
2862626.jpg,1
2879771.jpg,1
2811364.jpg,1
1498654.jpg,1
2702089.jpg,1
2582349.jpg,1
2815697.jpg,1
2897958.jpg,1
2073703.jpg,1
2379340.jpg,1
2879762.jpg,1
2819583.jpg,1
2196336.jpg,1
625747.jpg,1
2092105.jpg,1
2779530.jpg,1
2020094.jpg,1
2780676.jpg,1
2699804.jpg,1
2903674.jpg,1
2876582.jpg,1
2878411.jpg,1
2837988.jpg,1
2720074.jpg,1
2883236.jpg,1
2864880.jpg,1
2363122.jpg,1
2711898.jpg,1
2842689.jpg,1
2891497.jpg,1
2697217.jpg,1
2744601.jpg,1
2730606.jpg,1
2705724.jpg,1
2255449.jpg,1
2415149.jpg,1
1400705.jpg,1
2101907.jpg,1
2828762.jpg,1
2810872.jpg,1
2840690.jpg,1
1419617.jpg,1
2851370.jpg,1
2863837.jpg,1
2109946.jpg,1
2903016.jpg,1
2097227.jpg,1
2246769.jpg,1
2077990.jpg,1
2734809.jpg,1
2878413.jpg,1
2874446.jpg,1
2697587.jpg,1
2391007.jpg,1
2825283.jpg,1
2499642.jpg,1
2823304.jpg,1
2807051.jpg,1
2675631.jpg,1
2873009.jpg,1
2851176.jpg,1
2461621.jpg,1
2857477.jpg,1
2774012.jpg,1
2894308.jpg,1
2824324.jpg,1
2034007.jpg,1
2415146.jpg,1
2666104.jpg,1
2439538.jpg,1
2815700.jpg,1
1334849.jpg,1
2884550.jpg,1
2821614.jpg,1
2790275.jpg,1
2872263.jpg,1
2154070.jpg,1
2802029.jpg,1
2810652.jpg,1
2903681.jpg,1
2687962.jpg,1
2044163.jpg,1
1056555.jpg,1
2758002.jpg,1
1003035.jpg,1
1552144.jpg,1
2351477.jpg,1
2894309.jpg,1
2235771.jpg,1
2710651.jpg,1
2473973.jpg,1
2816340.jpg,1
2863235.jpg,1
2761494.jpg,1
2713758.jpg,1
1905593.jpg,1
2728879.jpg,1
2878496.jpg,1
2869154.jpg,1
2669785.jpg,1
2870908.jpg,1
299281.jpg,1
2733837.jpg,1
2807046.jpg,1
2849471.jpg,1
2858230.jpg,1
2900633.jpg,1
2083662.jpg,1
2040033.jpg,1
2826672.jpg,1
2791673.jpg,1
2837902.jpg,1
2838004.jpg,1
2213594.jpg,1
2072475.jpg,1
2696833.jpg,1
1626517.jpg,1
2889226.jpg,1
2903500.jpg,1
1333616.jpg,1
2862627.jpg,1
2845136.jpg,2
2888130.jpg,2
2862817.jpg,2
2863324.jpg,2
2873519.jpg,2
2885397.jpg,2
2861713.jpg,2
2891266.jpg,2
2838422.jpg,2
2849130.jpg,2
2872589.jpg,2
2891024.jpg,2
2897459.jpg,2
2892913.jpg,2
2890530.jpg,2
2893281.jpg,2
2881056.jpg,2
2842021.jpg,2
2890568.jpg,2
2899755.jpg,2
2856538.jpg,2
2849382.jpg,2
2844407.jpg,2
2897282.jpg,2
2852460.jpg,2
2868093.jpg,2
2875055.jpg,2
2868677.jpg,2
2850552.jpg,2
2877843.jpg,2
2888531.jpg,2
2868176.jpg,2
2857690.jpg,2
2848826.jpg,2
2893282.jpg,2
2865550.jpg,2
2891060.jpg,2
2885088.jpg,2
2895733.jpg,2
2857373.jpg,2
2874191.jpg,2
2839694.jpg,2
2840648.jpg,2
2859567.jpg,2
2879840.jpg,2
2851620.jpg,2
2899954.jpg,2
2907007.jpg,2
2861122.jpg,2
2901389.jpg,2
2856709.jpg,2
2868177.jpg,2
2895143.jpg,2
2871837.jpg,2
2857113.jpg,2
2881135.jpg,2
2837856.jpg,2
2897299.jpg,2
2836361.jpg,2
2890926.jpg,2
2885047.jpg,2
2907741.jpg,2
2885151.jpg,2
2862757.jpg,2
2859018.jpg,2
2907011.jpg,2
2860765.jpg,2
2877536.jpg,2
2839534.jpg,2
2843740.jpg,2
2907014.jpg,2
2853794.jpg,2
2899230.jpg,2
2856067.jpg,2
2852400.jpg,2
2863470.jpg,2
2899231.jpg,2
2892046.jpg,2
2850554.jpg,2
2840839.jpg,2
2860265.jpg,2
2844727.jpg,2
2894327.jpg,2
2879997.jpg,2
2888094.jpg,2
2870632.jpg,2
2887204.jpg,2
2848421.jpg,2
2889929.jpg,2
2869216.jpg,2
2874229.jpg,2
2865940.jpg,2
2883073.jpg,2
2852473.jpg,2
2873052.jpg,2
2906610.jpg,2
2849133.jpg,2
2906254.jpg,2
2903266.jpg,2
2903617.jpg,2
2889988.jpg,2
2845461.jpg,2
2904467.jpg,2
2901614.jpg,2
2895338.jpg,2
2848590.jpg,2
2879222.jpg,2
2903811.jpg,2
2858382.jpg,2
2907792.jpg,2
2901959.jpg,2
2866968.jpg,2
2872233.jpg,2
2907018.jpg,2
2894581.jpg,2
2845556.jpg,2
2901437.jpg,2
2904730.jpg,2
2838669.jpg,2
2909042.jpg,2
2871350.jpg,2
2897576.jpg,2
2884843.jpg,2
2856498.jpg,2
2871351.jpg,2
2909300.jpg,2
2844371.jpg,2
2866116.jpg,2
2901435.jpg,2
2863507.jpg,2
2876643.jpg,2
2854021.jpg,2
2884500.jpg,2
2909481.jpg,2
2840298.jpg,2
2848823.jpg,2
2876638.jpg,2
2880903.jpg,2
2862152.jpg,2
2886040.jpg,2
2856706.jpg,2
2857335.jpg,2
2882634.jpg,2
2862826.jpg,2
2839095.jpg,2
2901589.jpg,2
2840823.jpg,2
2897574.jpg,2
2880782.jpg,2
2880991.jpg,2
2856066.jpg,2
2897216.jpg,2
2909043.jpg,2
2897538.jpg,2
2882005.jpg,2
2863532.jpg,2
2877163.jpg,2
2909411.jpg,2
2841091.jpg,2
2838849.jpg,2
2885541.jpg,2
2855046.jpg,2
2899193.jpg,2
2897935.jpg,2
2868775.jpg,2
2884408.jpg,2
2860047.jpg,2
2871349.jpg,2
2865522.jpg,2
2838546.jpg,2
2874192.jpg,2
2866117.jpg,2
2900406.jpg,2
2838513.jpg,2
2901538.jpg,2
2889133.jpg,2
2860797.jpg,2
2908878.jpg,2
2882044.jpg,2
2859715.jpg,2
2849340.jpg,2
2898695.jpg,2
2839958.jpg,2
2845138.jpg,2
2843806.jpg,2
2868413.jpg,2
2882430.jpg,2
2895730.jpg,2
2885849.jpg,2
2858773.jpg,2
2868483.jpg,2
2884796.jpg,2
2840908.jpg,2
2906367.jpg,2
2841834.jpg,2
2840646.jpg,2
2906366.jpg,2
2879999.jpg,2
2837857.jpg,2
2879235.jpg,2
2288559.jpg,3
1900237.jpg,3
832621.jpg,3
952994.jpg,3
2488682.jpg,3
1243701.jpg,3
1670869.jpg,3
1383916.jpg,3
980701.jpg,3
1857916.jpg,3
2335818.jpg,3
2325200.jpg,3
681642.jpg,3
2473886.jpg,3
1824988.jpg,3
1989602.jpg,3
1679247.jpg,3
1206793.jpg,3
1318660.jpg,3
645704.jpg,3
1646162.jpg,3
2279535.jpg,3
751756.jpg,3
1375274.jpg,3
1304657.jpg,3
1798575.jpg,3
921001.jpg,3
2086097.jpg,3
2156632.jpg,3
691084.jpg,3
2800666.jpg,3
1747619.jpg,3
2876380.jpg,3
1395533.jpg,3
1937807.jpg,3
701051.jpg,3
906471.jpg,3
1079150.jpg,3
911162.jpg,3
709162.jpg,3
2603561.jpg,3
2028965.jpg,3
1137948.jpg,3
2184060.jpg,3
1896125.jpg,3
1810512.jpg,3
1617460.jpg,3
1287892.jpg,3
2638488.jpg,3
621252.jpg,3
2516875.jpg,3
1815451.jpg,3
2543751.jpg,3
1371651.jpg,3
2257772.jpg,3
977738.jpg,3
1761497.jpg,3
2549253.jpg,3
2452273.jpg,3
2804216.jpg,3
2324207.jpg,3
2069964.jpg,3
1604225.jpg,3
2686434.jpg,3
613277.jpg,3
1843993.jpg,3
677555.jpg,3
1243720.jpg,3
2603499.jpg,3
2783727.jpg,3
2799304.jpg,3
1306278.jpg,3
1645879.jpg,3
2037239.jpg,3
1776853.jpg,3
703640.jpg,3
719715.jpg,3
800881.jpg,3
2163247.jpg,3
739282.jpg,3
1884634.jpg,3
2461953.jpg,3
1902542.jpg,3
1795588.jpg,3
1796896.jpg,3
1603687.jpg,3
2678249.jpg,3
630880.jpg,3
1989612.jpg,3
2704485.jpg,3
2502498.jpg,3
2713255.jpg,3
1533033.jpg,3
699883.jpg,3
2476298.jpg,3
615663.jpg,3
997951.jpg,3
2616396.jpg,3
1141995.jpg,3
1770239.jpg,3
1196296.jpg,3
765496.jpg,3
2184059.jpg,3
2490867.jpg,3
666882.jpg,3
1905589.jpg,3
718949.jpg,3
1072860.jpg,3
1996135.jpg,3
2380197.jpg,3
1315324.jpg,3
2350818.jpg,3
1538920.jpg,3
1243678.jpg,3
632155.jpg,3
2850503.jpg,3
897776.jpg,3
1182765.jpg,3
2853855.jpg,3
1114372.jpg,3
2466155.jpg,3
2491314.jpg,3
1377584.jpg,3
2508454.jpg,3
633206.jpg,3
740845.jpg,3
567495.jpg,3
1392030.jpg,3
1489274.jpg,3
2507826.jpg,3
1507218.jpg,3
1624683.jpg,3
2407482.jpg,3
2125171.jpg,3
1575376.jpg,3
2028962.jpg,3
727116.jpg,3
953481.jpg,3
659008.jpg,3
1384029.jpg,3
2880259.jpg,3
563043.jpg,3
2334114.jpg,3
2222621.jpg,3
912507.jpg,3
1106366.jpg,3
1610327.jpg,3
1562606.jpg,3
2053702.jpg,3
2470964.jpg,3
2404333.jpg,3
1991234.jpg,3
1126799.jpg,3
2817477.jpg,3
2506918.jpg,3
905074.jpg,3
1244689.jpg,3
1789691.jpg,3
2347371.jpg,3
1213620.jpg,3
928893.jpg,3
836155.jpg,3
2610546.jpg,3
1818471.jpg,3
1786288.jpg,3
2252499.jpg,3
986137.jpg,3
1884171.jpg,3
1842723.jpg,3
2053577.jpg,3
1825937.jpg,3
1830278.jpg,3
2448065.jpg,3
1188084.jpg,3
1347395.jpg,3
2547162.jpg,3
2467913.jpg,3
2228236.jpg,3
1330000.jpg,3
2537144.jpg,3
2003231.jpg,3
2596742.jpg,3
2074210.jpg,3
1015027.jpg,3
1637583.jpg,3
2682506.jpg,3
1884170.jpg,3
1631871.jpg,3
1179687.jpg,3
1574161.jpg,3
2847125.jpg,3
2494294.jpg,3
620611.jpg,3
1799968.jpg,3
2311980.jpg,3
627382.jpg,3
1887777.jpg,3
1521257.jpg,3
2880420.jpg,3
1329999.jpg,3
2835380.jpg,4
2786200.jpg,4
2853996.jpg,4
2814892.jpg,4
2872137.jpg,4
2816957.jpg,4
2814830.jpg,4
2831302.jpg,4
2831274.jpg,4
2884323.jpg,4
2849772.jpg,4
2816956.jpg,4
2833329.jpg,4
2829341.jpg,4
2833439.jpg,4
2868108.jpg,4
2806773.jpg,4
2782237.jpg,4
2825122.jpg,4
2829225.jpg,4
2882288.jpg,4
2894575.jpg,4
2888397.jpg,4
2786218.jpg,4
2892548.jpg,4
2831425.jpg,4
2855975.jpg,4
2860010.jpg,4
2894495.jpg,4
2900581.jpg,4
2843733.jpg,4
2851930.jpg,4
2839661.jpg,4
2831452.jpg,4
2814865.jpg,4
2892516.jpg,4
2816835.jpg,4
2816829.jpg,4
2794331.jpg,4
2837543.jpg,4
2898636.jpg,4
2841694.jpg,4
2902602.jpg,4
2849916.jpg,4
2802628.jpg,4
2816985.jpg,4
2858086.jpg,4
2792367.jpg,4
2904613.jpg,4
2816838.jpg,4
2806739.jpg,4
2833443.jpg,4
2786251.jpg,4
2831449.jpg,4
2858119.jpg,4
2780186.jpg,4
2853958.jpg,4
2872186.jpg,4
2816856.jpg,4
2876259.jpg,4
2888392.jpg,4
2823055.jpg,4
2876150.jpg,4
2808674.jpg,4
2847697.jpg,4
2849819.jpg,4
2904576.jpg,4
2892517.jpg,4
2894438.jpg,4
2898625.jpg,4
2896516.jpg,4
2802633.jpg,4
2878253.jpg,4
2841714.jpg,4
2860122.jpg,4
2796350.jpg,4
2886339.jpg,4
2808706.jpg,4
2851822.jpg,4
2888441.jpg,4
2845849.jpg,4
2841564.jpg,4
2786122.jpg,4
2806664.jpg,4
2849904.jpg,4
2900654.jpg,4
2896566.jpg,4
2812906.jpg,4
2816839.jpg,4
2860039.jpg,4
2798454.jpg,4
2841601.jpg,4
2796331.jpg,4
2894573.jpg,4
2902689.jpg,4
2902622.jpg,4
2786245.jpg,4
2825234.jpg,4
2825111.jpg,4
2845708.jpg,4
2816857.jpg,4
2882268.jpg,4
2816797.jpg,4
2890401.jpg,4
2837622.jpg,4
2806774.jpg,4
2872057.jpg,4
2900676.jpg,4
2845748.jpg,4
2874081.jpg,4
2839591.jpg,4
2790296.jpg,4
2798464.jpg,4
2896577.jpg,4
2864091.jpg,4
2818966.jpg,4
2837497.jpg,4
2837490.jpg,4
2882293.jpg,4
2833476.jpg,4
2845736.jpg,4
2890524.jpg,4
2827269.jpg,4
2827322.jpg,4
2900666.jpg,4
2814869.jpg,4
2827268.jpg,4
2804752.jpg,4
2855949.jpg,4
2808744.jpg,4
2896505.jpg,4
2868016.jpg,4
2812748.jpg,4
2790285.jpg,4
2823121.jpg,4
2862161.jpg,4
2868041.jpg,4
2808746.jpg,4
2880348.jpg,4
2796341.jpg,4
2888410.jpg,4
2855955.jpg,4
2780166.jpg,4
2904620.jpg,4
2823082.jpg,4
2804698.jpg,4
2821020.jpg,4
2900655.jpg,4
2816865.jpg,4
2858067.jpg,4
2788197.jpg,4
2816925.jpg,4
2849894.jpg,4
2866159.jpg,4
2855977.jpg,4
2833374.jpg,4
2833462.jpg,4
2806728.jpg,4
2819006.jpg,4
2804646.jpg,4
2837450.jpg,4
2806697.jpg,4
2798511.jpg,4
2880231.jpg,4
2798466.jpg,4
2806623.jpg,4
2857991.jpg,4
2808705.jpg,4
2839586.jpg,4
2800497.jpg,4
2900660.jpg,4
2843769.jpg,4
2866019.jpg,4
2849911.jpg,4
2782169.jpg,4
2831378.jpg,4
2804716.jpg,4
2794440.jpg,4
2890498.jpg,4
2784221.jpg,4
2841574.jpg,4
2890402.jpg,4
2829223.jpg,4
2818896.jpg,4
2814821.jpg,4
2898549.jpg,4
2792411.jpg,4
2845749.jpg,4
2843700.jpg,4
2796338.jpg,4
2843600.jpg,4
2898564.jpg,4
2823237.jpg,4
2829233.jpg,4
2872149.jpg,4
2804619.jpg,4
2829250.jpg,4
2825240.jpg,4
2825172.jpg,4
2847678.jpg,4
